{
  "Camiña": "ILUSTRE MUNICIPALIDAD DE CAMINA",
  "Colchane": "I MUNICIPALIDAD DE COLCHANE",
  "Pozo Almonte": "ILUSTRE MUNICIPALIDAD DE POZO ALMONTE",
  "Huara": "ILUSTRE MUNICIPALIDAD DE HUARA",
  "Alto Hospicio": "MUNICIPALIDAD DE ALTO HOSPICIO",
  "Iquique": "I MUNICIPALIDAD DE IQUIQUE",
  "Pica": "I MUNICIPALIDAD DE PICA",
  "María Elena": "I MUNICIPALIDAD DE MARIA ELENA",
  "Calama": "I MUNICIPALIDAD DE CALAMA",
  "Tocopilla": "I MUNICIPALIDAD DE TOCOPILLA",
  "Antofagasta": "I MUNICIPALIDAD DE ANTOFAGASTA",
  "Mejillones": "I MUNICIPALIDAD DE MEJILLONES",
  "Taltal": "I MUNICIPALIDAD DE TALTAL",
  "Sierra Gorda": "I MUNICIPALIDAD DE SIERRA GORDA",
  "San Pedro de Atacama": "I MUNICIPALIDAD DE SAN PEDRO DE ATACAMA",
  "Ollagüe": "I MUNICIPALIDAD DE OLLAGUE",
  "Alto del Carmen": "ILUSTRE MUNICIPALIDAD DE ALTO DEL CARMEN",
  "Freirina": "I MUNICIPALIDAD DE FREIRINA",
  "Huasco": "I MUNICIPALIDAD DE HUASCO",
  "Copiapó": "I MUNICIPALIDAD DE COPIAPO",
  "Caldera": "I MUNICIPALIDAD DE CALDERA",
  "Chañaral": "I MUNICIPALIDAD DE CHANARAL",
  "Tierra Amarilla": "I MUNICIPALIDAD DE TIERRA AMARILLA",
  "Diego de Almagro": "ILUSTRE MUNICIPALIDAD DE DIEGO DE ALMAGRO",
  "Vallenar": "I MUNICIPALIDAD DE VALLENAR",
  "Andacollo": "I MUNICIPALIDAD DE ANDACOLLO",
  "Los Vilos": "I MUNICIPALIDAD DE LOS VILOS",
  "Canela": "I MUNICIPALIDAD DE CANELA",
  "Ovalle": "MUNICIPALIDAD DE OVALLE",
  "Coquimbo": "I MUNICIPALIDAD DE COQUIMBO",
  "La Serena": "ILUSTRE MUNICIPALIDAD DE LA SERENA",
  "Combarbalá": "ILUSTRE MINICIPALIDAD DE COMBARBALA",
  "Punitaqui": "I MUNICIPALIDAD DE PUNITAQUI",
  "Paihuano": "I MUNICIPALIDAD PAIHUANO",
  "Illapel": "I MUNICIPALIDAD DE ILLAPEL",
  "La Higuera": "I MUNICIPALIDAD DE LA HIGUERA",
  "Monte Patria": "I MUNICIPALIDAD DE MONTEPATRIA",
  "Río Hurtado": "I MUNICIPALIDAD DE RIO HURTADO",
  "Salamanca": "I MUNICIPALIDAD DE SALAMANCA",
  "Vicuña": "I MUNICIPALIDAD DE VICUNA",
  "Rinconada": "I MUNICIPALIDAD DE RINCONADA",
  "Cabildo": "I MUNICIPALIDAD DE CABILDO",
  "Petorca": "I MUNICIPALIDAD DE PETORCA",
  "Panquehue": "I MUNICIPALIDAD DE PANQUEHUE",
  "Olmué": "I MUNICIPALIDAD DE OLMUE",
  "Cartagena": "I MUNICIPALIDAD DE CARTAGENA",
  "Catemu": "I MUNICIPALIDAD DE CATEMU",
  "Llaillay": "I MUNICIPALIDAD DE LLAY LLAY",
  "San Felipe": "I MUNICIPALIDAD DE SAN FELIPE",
  "Santa María": "I MUNICIPALIDAD DE SANTA MARIA",
  "Villa Alemana": "I MUNICIPALIDAD DE VILLA ALEMANA",
  "Santo Domingo": "I MUNICIPALIDAD DE SANTO DOMINGO",
  "San Antonio": "I MUNICIPALIDAD DE SAN ANTONIO",
  "El Tabo": "I MUNICIPALIDAD DE EL TABO",
  "El Quisco": "I MUNICIPALIDAD DE EL QUISCO",
  "Algarrobo": "I MUNICIPALIDAD DE ALGARROBO",
  "Casablanca": "I MUNICIPALIDAD DE CASABLANCA",
  "Valparaíso": "I MUNICIPALIDAD DE VALPARAISO",
  "Viña del Mar": "I MUNICIPALIDAD DE VINA DEL MAR",
  "Concón": "I MUNICIPALIDAD DE CONCON",
  "Quintero": "I MUNICIPALIDAD DE QUINTERO",
  "Puchuncaví": "I MUNICIPALIDAD DE PUCHUNCAVI",
  "Zapallar": "I MUNICIPALIDAD DE ZAPALLAR",
  "Papudo": "I MUNICIPALIDAD DE PAPUDO",
  "La Ligua": "I MUNICIPALIDAD DE LA LIGUA",
  "Juan Fernández": "I MUNICIPALIDAD DE JUAN FERNANDEZ",
  "Isla de Pascua": "I MUNICIPALIDAD DE ISLA DE PASCUA",
  "Limache": "I MUNICIPALIDAD DE LIMACHE",
  "Quillota": "I MUNICIPALIDAD DE QUILLOTA",
  "Calera": "I MUNICIPALIDAD DE LA CALERA",
  "Nogales": "I MUNICIPALIDAD DE NOGALES",
  "Calle Larga": "I MUNICIPALIDAD DE CALLE LARGA",
  "La Cruz": "I MUNICIPALIDAD DE LA CRUZ",
  "Putaendo": "I MUNICIPALIDAD DE PUTAENDO",
  "San Esteban": "I MUNICIPALIDAD DE SAN ESTEBAN",
  "Los Andes": "MUNICIPALIDAD DE LOS ANDES",
  "Hijuelas": "I MUNICIPALIDAD DE HIJUELAS",
  "Quilpué": "I. MUNICIPALIDAD DE QUILPUE",
  "Marchigüe": "I MUNICIPALIDAD DE MARCHIGUE",
  "Codegua": "I MUNICIPALIDAD DE CODEGUA",
  "Coinco": "I MUNICIPALIDAD DE COINCO",
  "Coltauco": "I MUNICIPALIDAD DE COLTAUCO",
  "Graneros": "I MUNICIPALIDAD DE GRANEROS",
  "Malloa": "I MUNICIPALIDAD DE MALLOA",
  "Peumo": "I MUNICIPALIDAD DE PEUMO",
  "Pichidegua": "I MUNICIPALIDAD DE PICHIDEGUA",
  "Rancagua": "I MUNICIPALIDAD DE RANCAGUA",
  "Requínoa": "I MUNICIPALIDAD DE REQUINOA",
  "Mostazal": "I MUNICIPALIDAD DE MOSTAZAL",
  "San Vicente": "I MUNICIPALIDAD DE SAN VICENTE",
  "Nancagua": "I MUNICIPALIDAD DE NANCAGUA",
  "Peralillo": "I MUNICIPALIDAD DE PERALILLO",
  "Placilla": "I MUNICIPALIDAD DE PLACILLA",
  "Pumanque": "I MUNICIPALIDAD DE PUMANQUE",
  "Paredones": "I MUNICIPALIDAD DE PAREDONES",
  "Pichilemu": "ILUSTRE MUNICIPALIDAD DE PICHILEMU",
  "Litueche": "I MUNICIPALIDAD DE LITUECHE",
  "Navidad": "I MUNICIPALIDAD DE NAVIDAD",
  "La Estrella": "I MUNICIPALIDAD DE LA ESTRELLA",
  "Doñihue": "I MUNICIPALIDAD DE DONIHUE",
  "Olivar": "I MUNICIPALIDAD DE OLIVAR",
  "Rengo": "I MUNICIPALIDAD DE RENGO",
  "Santa Cruz": "I MUNICIPALIDAD DE SANTA CRUZ",
  "Palmilla": "I MUNICIPALIDAD DE PALMILLA",
  "Quinta de Tilcoco": "I MUNICIPALIDAD DE QUINTA DE TILCOCO",
  "Machalí": "ILUSTRE MUNICIPALIDAD DE MACHALI",
  "Las Cabras": "I MUNICIPALIDAD DE LAS CABRAS",
  "Chimbarongo": "I MUNICIPALIDAD DE CHIMBARONGO",
  "Lolol": "I MUNICIPALIDAD DE LOLOL",
  "Chépica": "I MUNICIPALIDAD DE CHEPICA",
  "San Fernando": "I MUNICIPALIDAD DE SAN FERNANDO",
  "Curepto": "ILUSTRE MUNICIPALIDAD DE CUREPTO",
  "Empedrado": "I MUNICIPALIDAD DE EMPEDRADO",
  "Pencahue": "I MUNICIPALIDAD DE PENCAHUE",
  "Linares": "I MUNICIPALIDAD DE LINARES",
  "Longaví": "I MUNICIPALIDAD DE LONGAVI",
  "Talca": "I MUNICIPALIDAD DE TALCA",
  "Chanco": "I MUNICIPALIDAD DE CHANCO",
  "Pelluhue": "I MUNICIPALIDAD DE PELLUHUE",
  "Constitución": "I MUNICIPALIDAD DE CONSTITUCION",
  "Licantén": "I MUNICIPALIDAD DE LICANTEN",
  "Vichuquén": "I MUNICIPALIDAD DE VICHUQUEN",
  "Cauquenes": "I MUNICIPALIDAD DE CAUQUENES",
  "Río Claro": "I MUNICIPALIDAD DE RIO CLARO",
  "Pelarco": "I MUNICIPALIDAD DE PELARCO",
  "San Javier": "I MUNICIPALIDAD DE SAN JAVIER",
  "Villa Alegre": "I MUNICIPALIDAD DE VILLA ALEGRE",
  "Yerbas Buenas": "ILUSTRE MUNICIPALIDAD DE YERBAS BUENAS",
  "Maule": "I MUNICIPALIDAD DE MAULE",
  "San Rafael": "I MUNICIPALIDAD DE SAN RAFAEL",
  "Sagrada Familia": "ILUSTRE MUNICIPALIDAD  DE SAGRADA FAMILIA",
  "Retiro": "ILUSTRE MUNICIPALIDAD DE RETIRO",
  "Curicó": "I MUNICIPALIDAD DE CURICO",
  "Molina": "ILUSTRE MUNICIPALIDAD DE MOLINA",
  "Colbún": "ILUSTRE MUNICIPALIDAD DE COLBUN",
  "San Clemente": "I MUNICIPALIDAD DE SAN CLEMENTE",
  "Hualañé": "I MUNICIPALIDAD DE HUALANE",
  "Rauco": "I MUNICIPALIDAD DE RAUCO",
  "Teno": "I MUNICIPALIDAD DE TENO",
  "Romeral": "I.MUNICIPALIDAD DE ROMERAL",
  "Parral": "I MUNICIPALIDAD DE PARRAL",
  "Cañete": "I MUNICIPALIDAD DE CANETE",
  "Contulmo": "ILUSTRE MUNICIPALIDAD DE CONTULMO",
  "Curanilahue": "I MUNICIPALIDAD DE CURANILAHUE",
  "Lebu": "I MUNICIPALIDAD DE LEBU",
  "Los Alamos": "I MUNICIPALIDAD DE LOS ALAMOS DEPTO COMUNAL",
  "Laja": "I MUNICIPALIDAD DE LAJA",
  "Los Angeles": "I MUNICIPALIDAD DE LOS ANGELES",
  "Mulchén": "I MUNICIPALIDAD DE MULCHEN",
  "Nacimiento": "I MUNICIPALIDAD DE NACIMIENTO",
  "Negrete": "I MUNICIPALIDAD DE NEGRETE",
  "Quilaco": "I MUNICIPALIDAD DE QUILACO",
  "Quilleco": "I MUNICIPALIDAD DE QUILLECO",
  "San Rosendo": "I MUNICIPALIDAD DE SAN ROSENDO",
  "Tucapel": "I MUNICIPALIDAD DE TUCAPEL",
  "Chiguayante": "I MUNICIPALIDAD DE CHIGUAYANTE",
  "Concepción": "I MUNICIPALIDAD DE CONCEPCION",
  "Coronel": "I MUNICIPALIDAD DE CORONEL",
  "Florida": "I MUNICIPALIDAD DE FLORIDA",
  "Hualqui": "I MUNICIPALIDAD DE HUALQUI",
  "Lota": "I MUNICIPALIDAD DE LOTA",
  "San Pedro de la Paz": "I MUNICIPALIDAD DE SAN PEDRO DE LA PAZ",
  "Santa Juana": "I MUNICIPALIDAD DE SANTA JUANA",
  "Yumbel": "I MUNICIPALIDAD DE YUMBEL",
  "Cabrero": "I MUNICIPALIDAD DE CABRERO",
  "Antuco": "I MUNICIPALIDAD DE ANTUCO",
  "Alto Biobío": "ILUSTRE MUNICIPALIDAD DE ALTO BIOBIO",
  "Tirúa": "I MUNICIPALIDAD DE TIRUA",
  "Hualpén": "MUNICIPALIDAD DE HUALPEN",
  "Talcahuano": "I MUNICIPALIDAD DE TALCAHUANO",
  "Penco": "I MUNICIPALIDAD DE PENCO",
  "Tomé": "I MUNICIPALIDAD DE TOME",
  "Arauco": "I MUNICIPALIDAD DE ARAUCO",
  "Santa Bárbara": "I MUNICIPALIDAD DE SANTA BARBARA",
  "Cholchol": "MUNICIPALIDAD DE CHOLCHOL",
  "Cunco": "I MUNICIPALIDAD DE CUNCO",
  "Freire": "I MUNICIPALIDAD DE FREIRE",
  "Galvarino": "ILUSTRE MUNICIPALIDAD DE GALVARINO",
  "Nueva Imperial": "I MUNICIPALIDAD DE NUEVA IMPERIAL",
  "Perquenco": "I MUNICIPALIDAD DE PERQUENCO",
  "Pitrufquén": "I MUNICIPALIDAD DE PITRUFQUEN",
  "Temuco": "I MUNICIPALIDAD DE TEMUCO",
  "Teodoro Schmidt": "ILUSTRE MUNICIPALIDAD TEODORO SCHMIDT",
  "Vilcún": "I MUNICIPALIDAD DE VILCUN",
  "Angol": "I MUNICIPALIDAD DE ANGOL",
  "Collipulli": "I MUNICIPALIDAD DE COLLIPULLI",
  "Curacautín": "I MUNICIPALIDAD DE CURACAUTIN",
  "Ercilla": "I MUNICIPALIDAD DE ERCILLA",
  "Los Sauces": "I MUNICIPALIDAD DE LOS SAUCES",
  "Lumaco": "ILUSTRE MUNICIPALIDAD DE LUMACO",
  "Purén": "I MUNICIPALIDAD DE PUREN",
  "Renaico": "I MUNICIPALIDAD DE RENAICO",
  "Traiguén": "MUNICIPALIDAD DE TRAIGUEN",
  "Victoria": "I MUNICIPALIDAD DE VICTORIA",
  "Gorbea": "MUNICIPALIDAD DE GORBEA",
  "Lautaro": "I MUNICIPALIDAD DE LAUTARO",
  "Lonquimay": "I MUNICIPALIDAD DE LONQUIMAY",
  "Carahue": "I MUNICIPALIDAD DE CARAHUE",
  "Toltén": "ILUSTRE MUNICIPALIDAD DE TOLTEN",
  "Loncoche": "I MUNICIPALIDAD DE LONCOCHE",
  "Curarrehue": "ILUSTRE MUNICIPALIDAD DE CURARREHUE",
  "Saavedra": "I MUNICIPALIDAD DE SAAVEDRA",
  "Villarrica": "I MUNICIPALIDAD DE VILLARRICA",
  "Pucón": "I MUNICIPALIDAD DE PUCON",
  "Padre Las Casas": "I MUNICIPALIDAD DE PADRE LAS CASAS",
  "Melipeuco": "ILUSTRE MUNICIPALIDAD MELIPEUCO",
  "San Pablo": "I MUNICIPALIDAD DE SAN PABLO",
  "Puqueldón": "I MUNICIPALIDAD DE PUQUELDON",
  "Fresia": "I MUNICIPALIDAD DE FRESIA",
  "Llanquihue": "I MUNICIPALIDAD DE LLANQUIHUE",
  "Osorno": "I MUNICIPALIDAD DE OSORNO",
  "Purranque": "I MUNICIPALIDAD DE PURRANQUE",
  "Puyehue": "I MUNICIPALIDAD DE PUYEHUE",
  "Cochamó": "ILUSTRE MUNICIPALIDAD COCHAMO",
  "Ancud": "I MUNICIPALIDAD DE ANCUD",
  "Quellón": "ILUSTRE MUNICIPALIDAD DE QUELLÓN",
  "Queilén": "I MUNICIPALIDAD DE QUEILEN",
  "Chonchi": "I MUNICIPALIDAD DE CHONCHI",
  "Puerto Montt": "I MUNICIPALIDAD DE PUERTO MONTT",
  "Río Negro": "I MUNICIPALIDAD DE RIO NEGRO",
  "Castro": "I MUNICIPALIDAD DE CASTRO",
  "Dalcahue": "I MUNICIPALIDAD DE DALCAHUE",
  "Quemchi": "I MUNICIPALIDAD DE QUEMCHI",
  "San Juan de la Costa": "ILUSTRE MUNICIPALIDAD DE SAN JUAN DE LA COSTA",
  "Calbuco": "I MUNICIPALIDAD DE CALBUCO",
  "Chaitén": "I MUNICIPALIDAD DE CHAITEN",
  "Los Muermos": "I MUNICIPALIDAD DE LOS MUERMOS",
  "Maullín": "I MUNICIPALIDAD DE MAULLIN",
  "Quinchao": "I MUNICIPALIDAD DE QUINCHAO",
  "Curaco de Vélez": "I MUNICIPALIDAD DE CURACO DE VELEZ",
  "Puerto Octay": "I MUNICIPALIDAD PUERTO OCTAY",
  "Frutillar": "I MUNICIPALIDAD DE FRUTILLAR",
  "Puerto Varas": "I MUNICIPALIDAD DE PUERTO VARAS",
  "Hualaihué": "I MUNICIPALIDAD DE HUALAIHUE",
  "Palena": "I MUNICIPALIDAD DE PALENA",
  "Futaleufú": "I MUNICIPALIDAD DE FUTALEUFU",
  "Río Ibáñez": "I MUNICIPALIDAD RIO IBANEZ",
  "Chile Chico": "I MUNICIPALIDAD DE CHILE CHICO",
  "Lago Verde": "I MUNICIPALIDAD DE LAGO VERDE",
  "Coyhaique": "I MUNICIPALIDAD DE COYHAIQUE",
  "Cisnes": "I MUNICIPALIDAD DE CISNES",
  "Tortel": "ILUSTRE MUNICIPALIDAD DE TORTEL",
  "O'Higgins": "I MUNICIPALIDAD DE O HIGGINS",
  "Cochrane": "I MUNICIPALIDAD DE COCHRANE",
  "Guaitecas": "I MUNICIPALIDAD DE LAS GUAITECAS",
  "Aysén": "I MUNICIPALIDAD DE AYSEN",
  "Laguna Blanca": "I MUNICIPALIDAD DE LAGUNA BLANCA",
  "Torres del Paine": "I MUNICIPALIDAD DE PAINE",
  "Primavera": "I MUNICIPALIDAD DE PRIMAVERA",
  "San Gregorio": "ILUSTRE MUNICIPALIDAD DE SAN GREGORIO",
  "Porvenir": "I.MUNICIPALIDAD DE PORVENIR",
  "Río Verde": "ILUSTRE MUNICIPALIDAD DE RIO VERDE",
  "Punta Arenas": "I MUNICIPALIDAD DE PUNTA ARENAS",
  "Natales": "ILUSTRE MUNICIPALIDAD DE NATALES",
  "Cabo de Hornos": "ILUSTRE MUNICIPALIDAD DE CABO DE HORNOS",
  "Timaukel": "ILUSTRE MUNICIPALIDAD DE TIMAUKEL",
  "San Joaquín": "I MUNICIPALIDAD SAN JOAQUIN",
  "San Miguel": "I MUNICIPALIDAD DE SAN MIGUEL",
  "San Ramón": "I MUNICIPALIDAD DE SAN RAMON",
  "Independencia": "I MUNICIPALIDAD DE INDEPENDENCIA",
  "La Cisterna": "I MUNICIPALIDAD DE LA CISTERNA",
  "Peñalolén": "I MUNICIPALIDAD DE PENALOLEN",
  "Providencia": "I MUNICIPALIDAD DE PROVIDENCIA",
  "La Reina": "I MUNICIPALIDAD DE LA REINA",
  "Calera de Tango": "I MUNICIPALIDAD DE CALERA DE TANGO",
  "Colina": "I MUNICIPALIDAD DE COLINA",
  "Santiago": "I MUNICIPALIDAD DE SANTIAGO",
  "Lampa": "I MUNICIPALIDAD DE LAMPA",
  "Pirque": "I MUNICIPALIDAD DE PIRQUE",
  "Puente Alto": "I MUNICIPALIDAD DE PUENTE ALTO",
  "Huechuraba": "MUNICIPALIDAD DE HUECHURABA",
  "San Bernardo": "I MUNICIPALIDAD DE SAN BERNARDO",
  "Curacaví": "I MUNICIPALIDAD DE CURACAVI",
  "María Pinto": "I MUNICIPALIDAD DE MARIA PINTO",
  "Cerrillos": "I MUNICIPALIDAD DE CERRILLOS",
  "Cerro Navia": "I.MUNICIPALIDAD DE CERRO NAVIA",
  "Vitacura": "I MUNICIPALIDAD DE VITACURA",
  "Conchalí": "I MUNICIPALIDAD DE CONCHALI",
  "El Bosque": "I MUNICIPALIDAD DE LA COMUNA DE EL BOSQUE",
  "Estación Central": "I MUNICIPALIDAD ESTACION CENTRAL",
  "La Florida": "I MUNICIPALIDAD DE LA FLORIDA",
  "La Granja": "I MUNICIPALIDAD DE LA GRANJA",
  "La Pintana": "I MUNICIPALIDAD DE LA PINTANA",
  "Las Condes": "I MUNICIPALIDAD DE LAS CONDES",
  "Lo Barnechea": "I MUNICIPALIDAD LO BARNECHEA",
  "Lo Espejo": "I MUNICIPALIDAD DE LO ESPEJO",
  "Lo Prado": "I MUNICIPALIDAD DE LO PRADO",
  "Macul": "ILUSTRE MUNICIPALIDAD DE MACUL",
  "Maipú": "I MUNICIPALIDAD DE MAIPU",
  "Ñuñoa": "I MUNICIPALIDAD DE NUNOA",
  "Pedro Aguirre Cerda": "I MUNICIPALIDAD PEDRO AGUIRRE CERDA",
  "Pudahuel": "MUNICIPALIDAD DE PUDAHUEL",
  "Quilicura": "I MUNICIPALIDAD DE QUILICURA",
  "Quinta Normal": "ILUSTRE MUNICIPALIDAD DE QUINTA NORMAL",
  "Recoleta": "I MUNICIPALIDAD DE RECOLETA",
  "Renca": "I MUNICIPALIDAD DE RENCA",
  "El Monte": "I MUNICIPALIDAD DE EL MONTE",
  "Padre Hurtado": "I MUNICIPALIDAD DE PADRE HURTADO",
  "Peñaflor": "MUNICIPALIDAD DE PEÑAFLOR",
  "Talagante": "I MUNICIPALIDAD DE TALAGANTE",
  "Paine": "I MUNICIPALIDAD DE PAINE",
  "Isla de Maipo": "I MUNICIPALIDAD DE ISLA DE MAIPO",
  "Buin": "I MUNICIPALIDAD DE BUIN",
  "San José de Maipo": "I MUNICIPALIDAD DE SAN JOSE DE MAIPO",
  "Tiltil": "I MUNICIPALIDAD DE TIL TIL",
  "Melipilla": "ILUSTRE MUNICIPALIDAD DE MELIPILLA",
  "San Pedro": "I MUNICIPALIDAD DE SAN PEDRO",
  "Alhué": "I MUNICIPALIDAD DE ALHUE",
  "La Unión": "I MUNICIPALIDAD DE LA UNION",
  "Los Lagos": "I MUNICIPALIDAD DE LOS LAGOS",
  "Máfil": "I MUNICIPALIDAD DE MAFIL",
  "Paillaco": "I MUNICIPALIDAD DE PAILLACO",
  "Lanco": "I MUNICIPALIDAD DE LANCO",
  "Panguipulli": "I MUNICIPALIDAD DE PANGUIPULLI",
  "Río Bueno": "I MUNICIPALIDAD DE RIO BUENO",
  "Mariquina": "I MUNICIPALIDAD DE MARIQUINA",
  "Corral": "MUNICIPALIDAD DE CORRAL",
  "Valdivia": "I MUNICIPALIDAD VALDIVIA",
  "Lago Ranco": "I MUNICIPALIDAD DE LAGO RANCO",
  "Futrono": "I MUNICIPALIDAD DE FUTRONO",
  "Putre": "ILUSTRE MUNICIPALIDAD DE PUTRE",
  "Camarones": "ILUSTRE MUNICIPALIDAD DE CAMARONES",
  "Arica": "I MUNICIPALIDAD DE ARICA",
  "General Lagos": "ILUSTRE MUNICIPALIDAD DE GENERAL LAGOS",
  "Bulnes": "I MUNICIPALIDAD DE BULNES",
  "Chillán Viejo": "ILUSTRE MUNICIPALIDAD DE CHILLAN VIEJO",
  "Chillán": "I MUNICIPALIDAD DE CHILLAN",
  "Yungay": "I MUNICIPALIDAD DE YUNGAY",
  "Quillón": "ILUSTRE MUNICIPALIDAD DE QUILLON",
  "San Carlos": "ILUSTRE MUNICIPALIDAD DE SAN CARLOS",
  "Treguaco": "I MUNICIPALIDAD DE TREHUACO",
  "Ranquil": "ILUSTRE MUNICIPALIDAD DE RANQUIL",
  "Portezuelo": "I MUNICIPALIDAD DE PORTEZUELO",
  "Cobquecura": "I MUNICIPALIDAD DE COBQUECURA",
  "Quirihue": "ILUSTRE MUNICIPALIDAD DE QUIRIHUE",
  "Coelemu": "I MUNICIPALIDAD DE COELEMU",
  "Ninhue": "I MUNICIPALIDAD DE NINHUE",
  "Pinto": "I MUNICIPALIDAD DE PINTO",
  "San Ignacio": "I MUNICIPALIDAD DE SAN IGNACIO",
  "Pemuco": "I MUNICIPALIDAD DE PEMUCO",
  "San Nicolás": "I MUNICIPALIDAD DE SAN NICOLAS",
  "San Fabián": "I MUNICIPALIDAD DE SAN FABIAN",
  "Ñiquén": "ILUSTRE MUNICIPALIDAD DE ÑIQUEN",
  "El Carmen": "ILUSTRE MUNICIPALIDAD DE EL CARMEN",
  "Coihueco": "I MUNICIPALIDAD DE COIHUECO"
}